id,username,body,likes,posted_on
4c741999-d1b8-45aa-9a0d-af005638a9df,bruna,"Quisque vel ligula feugiat, viverra lorem et, pellentesque lacus. Vestibulum hendrerit posuere euismod. Maecenas scelerisque, arcu et malesuada auctor, nulla justo efficitur sem, non ultricies risus mauris vitae sem.",10,2023-04-29 18:38:08
054ddc48-def5-4334-bb5d-44b215c2418d,jubs,"Pellentesque nisl mi, bibendum nec tempus non, tempus ac massa. In condimentum laoreet rutrum. Pellentesque vestibulum orci nibh, in posuere nisi luctus a. Curabitur id pretium nunc. Pellentesque quis urna non nisl tempus euismod gravida in sem.",26,2023-04-29 16:08:27
3a633261-7ad1-48f4-a5b1-b0227db19beb,ryuk,"Vestibulum finibus ligula iaculis magna pharetra, a lobortis nibh condimentum. Nunc tellus neque, pretium quis maximus sit amet, sollicitudin at metus.",124,2023-04-29 16:19:04
ff408dfd-bd53-4bd4-b926-a3fe203ef822,ryuk,"Etiam eu augue ut tortor commodo tempus at sit amet velit. Cras consectetur dolor neque, vel finibus augue porta eu. Phasellus turpis felis, bibendum vitae risus nec, mattis convallis sapien. Suspendisse eget sapien sed lorem facilisis dapibus at et sem. Duis a ultrices turpis.",5,2023-04-29 17:29:31
381c49a3-59b9-4366-a41d-0040facd252b,ryuk,"Vestibulum in turpis dictum, pulvinar arcu non, euismod arcu. Maecenas quis dui vitae magna aliquet cursus sed non purus. Curabitur ornare elementum pellentesque. Quisque in cursus quam. Donec at mattis tellus, nec consequat diam.",268,2023-04-29 16:07:23
121a7324-b117-4bc2-af7d-1d63f40ef41e,bruna,"Ut a consequat nulla, quis molestie orci. Integer vel venenatis quam, a posuere lectus. Nullam pellentesque elit sed sagittis pellentesque.",0,2023-04-27 08:36:51
c9a78b81-2ed5-4702-aa40-6510f05dc1b1,bruna,"Ut rutrum quam sed dolor commodo ullamcorper. Vivamus maximus accumsan sodales. Donec at magna id purus sodales lacinia sed vel quam. Vivamus pharetra et mauris ut hendrerit. Fusce tristique dui nec elit cursus laoreet.",1,2023-04-27 15:05:12
7c29d754-56ca-4e56-ab3b-8a09c54332c6,jubs,"Etiam sit amet iaculis ante. Duis urna libero, pretium quis bibendum vitae, efficitur fringilla odio. In vel risus eu urna pharetra tincidunt. Nam sed purus lectus. Nullam sodales nulla ut interdum lacinia. Cras fringilla tempus quam nec auctor. Class aptent taciti sociosqu ad litora torquent per conubia nostra, per inceptos himenaeos.",12,2023-04-27 15:39:58
f22ba1d9-39a6-4072-ad9c-eb2e607dcdd9,ryuk,"Interdum et malesuada fames ac ante ipsum primis in faucibus. Vivamus ut condimentum nunc. Sed in odio quis metus faucibus efficitur vestibulum vitae enim. Curabitur ut nulla tortor.",246,2023-04-29 08:02:16
44643e49-ea0b-4432-a98e-ec481ebec0fc,jubs,"Nunc justo justo, lobortis et molestie in, consectetur vel sem. Fusce varius eu lacus ut bibendum. Quisque eleifend consectetur lectus, nec consequat arcu posuere id. Sed vitae convallis mi. Duis pulvinar tortor vel enim tincidunt semper pulvinar nec augue.",1029,2023-04-27 12:48:25
7ce33a1d-8ad2-4b63-8ddf-be03a54879ac,ryuk,"Proin nisl elit, aliquam sed ex nec, porta euismod turpis. Aliquam vel luctus purus, ut hendrerit risus.",8,2023-04-27 14:58:11
050bd8f9-0d48-48a0-86d2-0e7721197db0,bruna,"Aliquam sollicitudin, justo in molestie semper, dolor mauris sodales massa, quis malesuada justo ante in est. Nulla eu mi in odio aliquam ultrices.",435,2023-04-26 08:44:12
701c5039-de9a-4bab-93c1-1301abe7859d,ryuk,"In nec tempus justo. Aliquam ultricies a felis eget aliquet. Sed et erat in ligula cursus dictum. Proin convallis arcu eu faucibus condimentum.",15,2023-04-28 11:33:51
6a2ed5a9-8645-497f-8ab8-bbb908cad7b1,jubs,"Vivamus consequat posuere sapien, vitae bibendum dolor sodales ut. Fusce aliquam, massa et malesuada volutpat, mauris justo hendrerit ligula, eu interdum ipsum odio in ante.",728,2023-04-28 14:52:07
3e0d80c5-19c4-4543-bd40-8f89c727f2b7,ryuk,"Fusce ultricies mollis purus ac tempus. Phasellus at sapien felis.",3,2023-04-28 10:06:24
9e816b24-ec5f-430b-a13f-0b6b195f77b9,ryuk,"Aenean porta lacus in elit scelerisque eleifend. Ut a nulla convallis, consequat ipsum vitae, ornare augue.",24,2023-04-26 08:47:27
e8475a32-3979-4948-a4e2-a901bb398611,ryuk,"Aliquam dui magna, venenatis et massa ac, dignissim pulvinar nibh. Morbi lobortis ligula in diam lacinia congue. Mauris at fermentum est. Etiam sit amet ornare augue, porttitor sodales tortor.",69,2023-04-28 08:51:47
3e7094d6-ed4d-4fdd-80c2-c3cd93f84c7d,bruna,"In rhoncus egestas erat id maximus. Donec convallis enim ac ligula tempor laoreet. Etiam non eleifend quam.",837,2023-04-28 09:28:57
aed0a030-24e3-4660-99f2-bab3e36c30c2,jubs,"Aliquam est velit, consequat non urna sagittis, gravida congue elit. Vestibulum vehicula nisi sed facilisis finibus.",36,2023-04-26 10:54:18
44525742-da97-4868-bd7f-5663a174479b,ryuk,"Maecenas blandit dolor vitae est sollicitudin interdum. Maecenas et lacus maximus, molestie risus facilisis, faucibus leo.",28,2023-04-29 10:43:14
4ee500e9-ce40-42ba-aef3-1a55cf860ac9,bruna,"Donec vehicula condimentum dictum. Mauris euismod maximus urna maximus ullamcorper. Lorem ipsum dolor sit amet, consectetur adipiscing elit. Etiam sed mauris dui.",6,2023-04-27 07:51:14
1270fc67-bc97-471a-b673-9b4b84d37979,bruna,"Nullam ultrices tincidunt pretium. Lorem ipsum dolor sit amet, consectetur adipiscing elit.",1,2023-04-27 10:50:45
dc9d37cb-7bbd-4d2a-8a68-aabbb8372050,bruna,"Etiam accumsan commodo massa, venenatis condimentum mi auctor in. Vivamus commodo sollicitudin aliquet. Vivamus et imperdiet orci.",1134,2023-04-25 13:29:16
06d8e15b-7ec1-4606-bad7-31b86ccd8357,bruna,"Sed et tempor magna. Suspendisse lacinia mattis libero, eget tempus leo malesuada ac. Duis feugiat enim vitae nisi fermentum porta. Nulla facilisi. Sed id urna id nisl mollis congue. Fusce porttitor tellus sapien, quis fermentum nunc euismod et.",1108,2023-04-28 10:27:05
5a6125be-6e7b-488c-ae34-ab92ff21912a,jubs,"Nulla facilisi. Vivamus tempor nibh at elit porta ultricies.",327,2023-04-29 14:19:19
8d5c1539-78f9-4ee8-9921-22fe7e420940,jubs,"Curabitur pharetra gravida lectus, eget vulputate purus dictum et. Proin bibendum ligula sit amet ligula congue, nec eleifend leo vulputate.",2,2023-04-26 15:04:17
e7ee2363-5409-40b4-9f69-b73c0bf5664f,bruna,"Sed vehicula varius faucibus. Morbi a est neque. Fusce non neque sed sapien mattis dapibus id dignissim erat.",1239,2023-04-29 14:19:42
82c4abfb-e5a2-4eb0-abfb-b392e925fc4e,bruna,"Duis vel iaculis leo. Sed sed lacus vel nibh elementum molestie. Integer dui augue, dictum eget ex nec, auctor consectetur felis.",67,2023-04-27 10:51:45
a73aa194-cedd-4d30-9b1f-9391639b5754,ryuk,"Quisque nec felis dolor. Orci varius natoque penatibus et magnis dis parturient montes, nascetur ridiculus mus.",8,2023-04-29 15:48:02
7bd65683-c41d-42c5-b1df-c625dc93db5f,bruna,"Aliquam laoreet ultricies lobortis. Vestibulum vehicula euismod eros id hendrerit.",109,2023-04-27 10:24:52